pwr_sta,pwr_ap,rssi_sta,rssi1_ap,rssi2_ap,tput,dir,mcs0,mcs1,mcs2,mcs3,mcs4,mcs5,mcs6,mcs7,mcs8,mcs9,mcs10,mcs11,mcs12,mcs13,mcs14,mcs15,nss1,nss2,gi-1,gi0,gi1,gi2
1000,8,-63.0,-47.7,-53.3,31.4,dl,0.00,0.00,0.00,0.00,0.00,0.00,0.00,50.00,0.00,0.00,0.00,0.00,0.00,0.00,0.00,50.00,0,0,0,0,0,0
1000,8,-62.3,-47.0,-54.0,37.1,dl,0.00,0.00,0.00,0.00,0.00,0.00,0.00,0.00,0.00,0.00,0.00,0.00,0.00,0.00,66.67,33.33,0,0,0,0,0,0
1000,8,-63.0,-47.0,-53.0,53.5,dl,0.00,0.00,0.00,0.00,0.00,0.00,0.00,0.00,0.00,0.00,0.00,0.00,0.00,0.00,0.00,100.00,0,0,0,0,0,0
1000,11,-59.0,-48.0,-55.0,82.2,dl,0,0,0,0,0,0,0,0,0,0,0,0,0,0,0,0,0,0,0,0,0,0
1000,11,-59.0,-48.0,-54.0,73.2,dl,0.00,0.00,0.00,0.00,0.00,0.00,0.00,0.00,0.00,0.00,0.00,0.00,0.00,0.00,0.00,100.00,0,0,0,0,0,0
1000,11,-59.0,-48.0,-53.0,81.9,dl,0.00,0.00,0.00,0.00,0.00,0.00,0.00,0.00,0.00,0.00,0.00,0.00,0.00,0.00,0.00,100.00,0,0,0,0,0,0
1000,14,-57.0,-48.0,-54.0,82.0,dl,0,0,0,0,0,0,0,0,0,0,0,0,0,0,0,0,0,0,0,0,0,0
1000,14,-56.0,-48.0,-53.0,80.3,dl,0.00,0.00,0.00,0.00,0.00,0.00,0.00,0.00,0.00,0.00,0.00,0.00,0.00,0.00,0.00,100.00,0,0,0,0,0,0
1000,14,-56.5,-47.0,-53.0,73.3,dl,0.00,0.00,0.00,0.00,0.00,0.00,0.00,0.00,0.00,0.00,0.00,0.00,0.00,0.00,50.00,50.00,0,0,0,0,0,0
1000,17,-53.5,-48.0,-55.0,83.0,dl,0.00,0.00,0.00,0.00,0.00,0.00,0.00,0.00,0.00,0.00,0.00,0.00,0.00,0.00,0.00,100.00,0,0,0,0,0,0
1000,17,-54.0,-48.0,-53.5,81.8,dl,0.00,0.00,0.00,0.00,0.00,0.00,0.00,0.00,0.00,0.00,0.00,0.00,0.00,0.00,0.00,100.00,0,0,0,0,0,0
1000,17,-53.0,-48.0,-53.0,82.2,dl,0.00,0.00,0.00,0.00,0.00,0.00,0.00,0.00,0.00,0.00,0.00,0.00,0.00,0.00,0.00,100.00,0,0,0,0,0,0
1000,20,-51.0,-48.0,-53.0,86.8,dl,0,0,0,0,0,0,0,0,0,0,0,0,0,0,0,0,0,0,0,0,0,0
1000,20,-51.0,-48.0,-53.0,86.7,dl,0.00,0.00,0.00,0.00,0.00,0.00,0.00,0.00,0.00,0.00,0.00,0.00,0.00,0.00,0.00,100.00,0,0,0,0,0,0
1000,20,-51.0,-48.0,-53.0,85.3,dl,0.00,0.00,0.00,0.00,0.00,0.00,0.00,0.00,0.00,0.00,0.00,0.00,0.00,0.00,0.00,100.00,0,0,0,0,0,0
0,20,-51.0,-64.0,-70.7,61.5,ul,0.00,0.00,0.00,0.00,0.00,0.00,0.00,0.00,0.00,0.00,0.00,33.33,0.00,0.00,66.67,0.00,0,0,0,0,0,0
0,20,-51.0,-64.0,-71.0,59.9,ul,0.00,0.00,0.00,0.00,0.00,0.00,0.00,0.00,0.00,0.00,0.00,0.00,0.00,50.00,50.00,0.00,0,0,0,0,0,0
0,20,-51.0,-64.0,-71.0,58.8,ul,0.00,0.00,0.00,0.00,0.00,0.00,0.00,0.00,0.00,0.00,0.00,0.00,0.00,0.00,100.00,0.00,0,0,0,0,0,0
100,20,-51.0,-64.0,-70.0,65.1,ul,0.00,0.00,0.00,0.00,0.00,0.00,0.00,0.00,0.00,0.00,0.00,0.00,0.00,0.00,66.67,33.33,0,0,0,0,0,0
100,20,-50.7,-64.0,-69.7,49.1,ul,0.00,0.00,0.00,0.00,0.00,0.00,33.33,0.00,0.00,0.00,0.00,0.00,0.00,0.00,0.00,66.67,0,0,0,0,0,0
100,20,-50.7,-64.0,-70.0,65.4,ul,0.00,0.00,0.00,0.00,0.00,0.00,0.00,0.00,0.00,0.00,0.00,0.00,0.00,0.00,33.33,66.67,0,0,0,0,0,0
200,20,-50.3,-64.0,-69.0,74.3,ul,0.00,0.00,0.00,0.00,0.00,0.00,0.00,0.00,0.00,0.00,0.00,0.00,0.00,0.00,33.33,66.67,0,0,0,0,0,0
200,20,-50.7,-64.0,-69.0,73.9,ul,0.00,0.00,0.00,0.00,0.00,0.00,0.00,0.00,0.00,0.00,0.00,0.00,0.00,0.00,33.33,66.67,0,0,0,0,0,0
200,20,-51.0,-64.0,-69.0,67.4,ul,0.00,0.00,0.00,0.00,0.00,0.00,0.00,0.00,0.00,0.00,0.00,0.00,33.33,0.00,0.00,66.67,0,0,0,0,0,0
300,20,-50.3,-63.0,-68.7,58.0,ul,0.00,0.00,0.00,0.00,0.00,0.00,0.00,0.00,0.00,0.00,0.00,0.00,0.00,33.33,0.00,66.67,0,0,0,0,0,0
300,20,-51.0,-62.3,-68.0,79.4,ul,0.00,0.00,0.00,0.00,0.00,0.00,0.00,33.33,0.00,0.00,0.00,0.00,0.00,0.00,0.00,66.67,0,0,0,0,0,0
300,20,-51.3,-62.0,-68.0,77.5,ul,0.00,0.00,0.00,0.00,0.00,0.00,0.00,0.00,0.00,0.00,0.00,0.00,0.00,0.00,0.00,100.00,0,0,0,0,0,0
400,20,-51.0,-62.0,-68.0,86.3,ul,0.00,0.00,0.00,0.00,0.00,0.00,0.00,0.00,0.00,0.00,0.00,0.00,0.00,0.00,0.00,100.00,0,0,0,0,0,0
400,20,-51.0,-62.0,-68.0,82.3,ul,0.00,0.00,0.00,0.00,0.00,0.00,0.00,0.00,0.00,0.00,0.00,0.00,0.00,0.00,0.00,100.00,0,0,0,0,0,0
400,20,-51.0,-61.7,-67.7,64.3,ul,0.00,0.00,0.00,0.00,0.00,0.00,0.00,0.00,0.00,0.00,0.00,0.00,0.00,33.33,33.33,33.33,0,0,0,0,0,0
500,20,-51.0,-61.0,-66.3,89.7,ul,0.00,0.00,0.00,0.00,0.00,0.00,0.00,0.00,0.00,0.00,0.00,0.00,0.00,0.00,0.00,100.00,0,0,0,0,0,0
500,20,-51.0,-61.0,-66.0,87.8,ul,0.00,0.00,0.00,0.00,0.00,0.00,0.00,0.00,0.00,0.00,0.00,0.00,0.00,0.00,0.00,100.00,0,0,0,0,0,0
500,20,-51.0,-61.0,-66.0,85.7,ul,0.00,0.00,0.00,0.00,0.00,0.00,0.00,0.00,0.00,0.00,0.00,0.00,0.00,0.00,0.00,100.00,0,0,0,0,0,0
600,20,-51.0,-60.0,-66.0,89.4,ul,0.00,0.00,0.00,0.00,0.00,0.00,0.00,0.00,0.00,0.00,0.00,0.00,0.00,0.00,0.00,100.00,0,0,0,0,0,0
600,20,-51.0,-59.7,-65.3,81.1,ul,0.00,0.00,0.00,0.00,0.00,0.00,0.00,0.00,0.00,0.00,0.00,0.00,0.00,0.00,0.00,100.00,0,0,0,0,0,0
600,20,-51.0,-59.0,-65.0,81.8,ul,0.00,0.00,0.00,0.00,0.00,0.00,0.00,0.00,0.00,0.00,0.00,0.00,0.00,0.00,0.00,100.00,0,0,0,0,0,0
700,20,-51.0,-59.0,-65.0,88.4,ul,0.00,0.00,0.00,0.00,0.00,0.00,0.00,0.00,0.00,0.00,0.00,0.00,0.00,0.00,0.00,100.00,0,0,0,0,0,0
700,20,-51.0,-59.0,-65.0,90.5,ul,0.00,0.00,0.00,0.00,0.00,0.00,0.00,0.00,0.00,0.00,0.00,0.00,0.00,0.00,0.00,100.00,0,0,0,0,0,0
700,20,-51.3,-59.0,-64.0,79.7,ul,0.00,0.00,0.00,0.00,0.00,0.00,0.00,0.00,0.00,0.00,0.00,0.00,0.00,0.00,0.00,100.00,0,0,0,0,0,0
800,20,-51.0,-58.0,-64.0,48.8,ul,0.00,0.00,0.00,33.33,0.00,0.00,0.00,0.00,0.00,0.00,0.00,0.00,0.00,0.00,0.00,66.67,0,0,0,0,0,0
800,20,-51.0,-58.0,-64.0,87.4,ul,0.00,0.00,0.00,0.00,0.00,0.00,0.00,33.33,0.00,0.00,0.00,0.00,0.00,0.00,0.00,66.67,0,0,0,0,0,0
800,20,-51.0,-58.0,-63.7,80.9,ul,0.00,0.00,0.00,0.00,0.00,0.00,0.00,0.00,0.00,0.00,0.00,0.00,0.00,0.00,0.00,100.00,0,0,0,0,0,0
900,20,-51.0,-57.0,-62.7,89.7,ul,0.00,0.00,0.00,0.00,0.00,0.00,0.00,0.00,0.00,0.00,0.00,0.00,0.00,0.00,0.00,100.00,0,0,0,0,0,0
900,20,-51.3,-57.0,-62.0,63.5,ul,0.00,0.00,0.00,0.00,0.00,0.00,0.00,0.00,0.00,0.00,0.00,0.00,0.00,0.00,33.33,66.67,0,0,0,0,0,0
900,20,-51.0,-57.0,-62.0,69.5,ul,0.00,0.00,0.00,0.00,0.00,0.00,0.00,0.00,0.00,0.00,0.00,0.00,0.00,0.00,0.00,100.00,0,0,0,0,0,0
1000,20,-51.0,-56.0,-62.0,87.8,ul,0.00,0.00,0.00,0.00,0.00,0.00,0.00,0.00,0.00,0.00,0.00,0.00,0.00,33.33,0.00,66.67,0,0,0,0,0,0
1000,20,-50.3,-56.0,-62.0,86.7,ul,0.00,0.00,0.00,0.00,0.00,0.00,0.00,0.00,0.00,0.00,0.00,0.00,0.00,0.00,0.00,100.00,0,0,0,0,0,0
1000,20,-51.0,-56.0,-61.0,86.4,ul,0.00,0.00,0.00,0.00,0.00,0.00,0.00,0.00,0.00,0.00,0.00,0.00,0.00,0.00,0.00,100.00,0,0,0,0,0,0
1100,20,-50.7,-55.0,-61.0,90.3,ul,0.00,0.00,0.00,0.00,0.00,0.00,0.00,0.00,0.00,0.00,0.00,0.00,0.00,0.00,0.00,100.00,0,0,0,0,0,0
1100,20,-51.0,-55.0,-61.0,85.2,ul,0.00,0.00,0.00,0.00,0.00,0.00,0.00,0.00,0.00,0.00,0.00,0.00,0.00,0.00,0.00,100.00,0,0,0,0,0,0
1100,20,-51.0,-55.0,-61.0,54.4,ul,0.00,0.00,0.00,0.00,0.00,0.00,0.00,0.00,0.00,0.00,0.00,0.00,0.00,0.00,0.00,100.00,0,0,0,0,0,0
1200,20,-51.0,-54.0,-60.0,78.7,ul,0.00,0.00,0.00,0.00,0.00,0.00,0.00,0.00,0.00,0.00,0.00,0.00,0.00,0.00,0.00,100.00,0,0,0,0,0,0
1200,20,-51.3,-53.0,-59.0,88.7,ul,0.00,0.00,0.00,0.00,0.00,0.00,0.00,0.00,0.00,0.00,0.00,0.00,0.00,0.00,0.00,100.00,0,0,0,0,0,0
1200,20,-51.0,-53.0,-59.0,90.0,ul,0.00,0.00,0.00,0.00,0.00,0.00,0.00,0.00,0.00,0.00,0.00,0.00,0.00,0.00,0.00,100.00,0,0,0,0,0,0
1300,20,-51.0,-53.0,-59.0,88.7,ul,0.00,0.00,0.00,0.00,0.00,0.00,0.00,0.00,0.00,0.00,0.00,0.00,0.00,0.00,0.00,100.00,0,0,0,0,0,0
1300,20,-51.0,-52.0,-58.0,78.3,ul,0.00,0.00,0.00,0.00,0.00,0.00,0.00,0.00,0.00,0.00,0.00,0.00,0.00,0.00,33.33,66.67,0,0,0,0,0,0
1300,20,-51.0,-52.0,-58.0,94.0,ul,0.00,0.00,0.00,0.00,0.00,0.00,0.00,0.00,0.00,0.00,0.00,0.00,0.00,0.00,0.00,100.00,0,0,0,0,0,0
1400,20,-51.0,-51.3,-57.7,93.9,ul,0.00,0.00,0.00,0.00,0.00,0.00,0.00,0.00,0.00,0.00,0.00,0.00,0.00,0.00,0.00,100.00,0,0,0,0,0,0
1400,20,-51.0,-51.0,-56.7,93.9,ul,0.00,0.00,0.00,0.00,0.00,0.00,0.00,0.00,0.00,0.00,0.00,0.00,0.00,0.00,0.00,100.00,0,0,0,0,0,0
1400,20,-51.0,-51.0,-56.7,93.8,ul,0.00,0.00,0.00,0.00,0.00,0.00,0.00,0.00,0.00,0.00,0.00,0.00,0.00,0.00,0.00,100.00,0,0,0,0,0,0
1500,20,-51.0,-50.3,-56.3,74.9,ul,0.00,0.00,0.00,0.00,0.00,0.00,0.00,0.00,0.00,0.00,0.00,0.00,0.00,0.00,0.00,100.00,0,0,0,0,0,0
1500,20,-50.7,-50.0,-56.0,93.1,ul,0.00,0.00,0.00,0.00,0.00,0.00,0.00,0.00,0.00,0.00,0.00,0.00,0.00,0.00,0.00,100.00,0,0,0,0,0,0
1500,20,-51.0,-50.0,-56.0,94.6,ul,0.00,0.00,0.00,0.00,0.00,0.00,0.00,0.00,0.00,0.00,0.00,0.00,0.00,0.00,0.00,100.00,0,0,0,0,0,0
1600,20,-51.0,-49.3,-55.3,95.3,ul,0.00,0.00,0.00,0.00,0.00,0.00,0.00,0.00,0.00,0.00,0.00,0.00,0.00,0.00,0.00,100.00,0,0,0,0,0,0
1600,20,-50.7,-49.0,-55.0,93.0,ul,0.00,0.00,0.00,0.00,0.00,0.00,0.00,0.00,0.00,0.00,0.00,0.00,0.00,0.00,0.00,100.00,0,0,0,0,0,0
1600,20,-51.0,-49.0,-55.0,80.1,ul,0.00,0.00,0.00,0.00,0.00,0.00,0.00,0.00,0.00,0.00,0.00,0.00,0.00,0.00,66.67,33.33,0,0,0,0,0,0
1700,20,-51.3,-49.0,-55.0,96.0,ul,0.00,0.00,0.00,0.00,0.00,0.00,0.00,0.00,0.00,0.00,0.00,0.00,0.00,0.00,0.00,100.00,0,0,0,0,0,0
1700,20,-50.7,-48.0,-55.0,94.6,ul,0.00,0.00,0.00,0.00,0.00,0.00,0.00,0.00,0.00,0.00,0.00,0.00,0.00,0.00,0.00,100.00,0,0,0,0,0,0
1700,20,-51.0,-48.0,-54.0,94.5,ul,0.00,0.00,0.00,0.00,0.00,0.00,0.00,0.00,0.00,0.00,0.00,0.00,0.00,0.00,0.00,100.00,0,0,0,0,0,0
