timestamp,current
1.0010120868682861,-544694.0
1.336181402206421,-392817.0
1.672128677368164,-433443.0
2.0081658363342285,-433443.0
2.3448081016540527,-383754.0
2.681619167327881,-475943.0
3.01806902885437,-381254.0
3.35422682762146,-381879.0
3.6904098987579346,-365629.0
4.03423810005188,-382817.0
4.370462894439697,-355942.0
4.706605911254883,-380629.0
5.042860746383667,-393130.0
5.37919545173645,-379067.0
5.715526819229126,-401880.0
6.051980495452881,-534381.0
6.388827800750732,-571257.0
6.725424289703369,-373442.0
7.061917066574097,-398130.0
7.398160696029663,-385629.0
7.734451055526733,-391567.0
8.0706307888031,-472193.0
8.406946659088135,-405317.0
8.743300914764404,-390004.0
9.079533338546753,-386254.0
9.415925741195679,-390942.0
9.752552032470703,-365317.0
10.089314937591553,-365317.0
10.425843000411987,-364692.0
10.761995792388916,-473131.0
11.09811019897461,-386879.0
11.434260606765747,-390004.0
11.770545244216919,-386567.0
12.106767892837524,-393755.0
12.443197250366211,-383129.0
12.779469013214111,-373129.0
13.11572790145874,-474381.0
13.452256917953491,-392192.0
13.78897500038147,-370942.0
14.125690221786499,-363129.0
14.462063074111938,-397817.0
14.7981858253479,-366254.0
15.134307622909546,-356567.0
15.470473289489746,-495006.0
15.806646347045898,-393130.0
16.142948150634766,-384692.0
16.47923469543457,-415317.0
16.815545082092285,-379692.0
17.15161418914795,-421567.0
17.48818349838257,-377817.0
17.825048446655273,-377817.0
18.161614179611206,-467505.0
18.49809193611145,-396880.0
18.834362268447876,-383442.0
19.170538663864136,-355942.0
19.5068302154541,-386254.0
19.84310007095337,-353129.0
20.179381370544434,-391880.0
20.515830516815186,-457193.0
20.852527379989624,-358754.0
21.1892569065094,-386254.0
21.52579355239868,-497818.0
21.86203122138977,-382817.0
22.198264837265015,-373754.0
22.53445601463318,-354067.0
22.87074613571167,-370629.0
23.206911087036133,-374379.0
23.543393850326538,-420317.0
23.87987470626831,-353129.0
24.216606855392456,-376879.0
24.55339503288269,-355942.0
24.889886617660522,-385942.0
25.226032733917236,-371879.0
25.56225872039795,-384379.0
25.898311138153076,-384379.0
26.234631538391113,-425005.0
26.57062315940857,-395005.0
26.906948566436768,-389067.0
27.24313473701477,-390942.0
27.57950234413147,-385629.0
27.915611028671265,-376879.0
28.252058029174805,-370942.0
28.588555812835693,-494381.0
28.92532181739807,-538444.0
29.261300325393677,-387817.0
29.59794282913208,-384692.0
29.93419337272644,-365629.0
30.270361185073853,-406255.0
30.60634160041809,-390942.0
30.94247579574585,-479693.0
31.278480291366577,-397505.0
31.614707708358765,-382504.0
31.951141119003296,-366567.0
32.28725028038025,-396255.0
32.6236310005188,-382504.0
32.960176944732666,-366567.0
33.297032833099365,-460005.0
33.633596897125244,-460005.0
33.97009491920471,-378442.0
34.306090116500854,-380629.0
34.64234709739685,-380942.0
34.97836351394653,-393130.0
35.314708948135376,-359379.0
35.65081024169922,-391567.0
35.987102031707764,-499693.0
36.32325744628906,-397817.0
36.65957832336426,-389692.0
36.99584698677063,-467818.0
37.33230113983154,-370629.0
37.66892886161804,-384379.0
38.00550889968872,-398442.0
38.3419771194458,-382817.0
38.67825365066528,-400317.0
39.01428198814392,-407192.0
39.350236892700195,-386567.0
39.68622159957886,-388442.0
40.02250385284424,-410630.0
40.35856628417969,-417505.0
40.69472527503967,-501881.0
41.03084659576416,-381567.0
41.36724781990051,-381567.0
41.70351433753967,-362192.0
42.03998422622681,-364379.0
42.37662410736084,-376567.0
42.713393449783325,-395005.0
43.05009984970093,-369692.0
43.38634920120239,-367504.0
43.72233200073242,-351879.0
44.0585823059082,-370629.0
44.3945517539978,-512819.0
44.730801582336426,-374379.0
45.06678247451782,-395942.0
45.40318465232849,-341879.0
45.73928189277649,-385942.0
46.0755672454834,-356567.0
46.41176962852478,-471881.0
46.74821996688843,-387817.0
47.085010290145874,-397817.0
47.42155623435974,-399067.0
47.75811529159546,-385004.0
48.094322204589844,-365004.0
48.43060350418091,-413130.0
48.766783475875854,-465630.0
49.10296869277954,-374692.0
49.43930220603943,-374692.0
49.775575399398804,-363442.0
50.11204981803894,-391880.0
50.44878935813904,-376879.0
50.78555631637573,-370317.0
51.12193059921265,-365004.0
51.458101749420166,-464693.0
51.79435086250305,-380317.0
52.13041877746582,-383442.0
52.46672487258911,-377817.0
52.802767276763916,-366254.0
53.13882780075073,-358129.0
53.474870443344116,-354692.0
53.8113009929657,-362817.0
54.14737033843994,-376254.0
54.48373484611511,-384067.0
54.82001495361328,-355004.0
55.15636873245239,-384067.0
55.49313545227051,-398755.0
55.82965135574341,-382504.0
56.166056394577026,-513756.0
56.5023078918457,-395005.0
56.838308572769165,-410005.0
57.17445731163025,-410005.0
57.51043128967285,-414067.0
57.84670424461365,-375629.0
58.18288469314575,-415630.0
58.51926279067993,-402505.0
58.85553026199341,-470318.0
59.19197916984558,-372817.0
59.52861309051514,-377504.0
59.86535859107971,-499068.0
60.20180344581604,-416880.0
60.53827428817749,-370629.0
60.87425494194031,-396255.0
61.210370779037476,-380942.0
61.54635405540466,-410005.0
61.882609844207764,-399380.0
62.21856451034546,-395630.0
62.55458855628967,-385629.0
62.89063501358032,-363754.0
63.22680854797363,-386879.0
63.56289458274841,-374692.0
63.89929723739624,-374692.0
64.23563432693481,-367817.0
64.57218289375305,-365004.0
64.90902328491211,-391880.0
65.24569010734558,-391880.0
65.58215069770813,-356567.0
65.91836762428284,-416255.0
66.25466537475586,-414380.0
66.59091854095459,-365629.0
66.92733693122864,-448443.0
67.26366782188416,-368442.0
67.60020279884338,-401255.0
67.93702054023743,-372504.0
68.27373552322388,-390942.0
68.6099784374237,-360629.0
68.94627261161804,-383129.0
69.28243827819824,-388754.0
69.6186912059784,-380942.0
69.95482301712036,-381567.0
70.29080247879028,-392192.0
70.62694811820984,-376567.0
70.96335673332214,-381567.0
71.29983735084534,-365317.0
71.63633227348328,-459380.0
71.97308897972107,-373754.0
72.30967712402344,-367817.0
72.64611649513245,-373129.0
72.9823808670044,-373129.0
73.31854629516602,-368442.0
73.6548912525177,-374379.0
73.9911618232727,-340941.0
74.32751154899597,-487818.0
74.6638720035553,-381879.0
75.00054359436035,-370629.0
75.33732533454895,-519069.0
75.67391014099121,-398755.0
76.01007628440857,-379692.0
76.34634065628052,-400317.0
76.6824836730957,-430943.0
77.01875686645508,-383129.0
77.3549165725708,-390004.0
77.69281816482544,-385629.0
78.02965378761292,-399067.0
78.36610436439514,-380629.0
78.70243263244629,-375004.0
79.03861999511719,-456255.0
79.37481117248535,-368129.0
79.71116995811462,-365317.0
80.04752826690674,-367504.0
80.38388347625732,-375317.0
80.72053718566895,-348754.0
81.05729341506958,-348754.0
81.39386582374573,-387817.0
81.73008704185486,-393130.0
82.06628680229187,-370629.0
82.40244913101196,-386567.0
82.73861527442932,-370004.0
83.07482862472534,-372192.0
83.41117596626282,-362192.0
83.74744081497192,-388129.0
84.08391547203064,-383754.0
84.42058110237122,-367817.0
84.75733017921448,-356254.0
85.09384059906006,-407505.0
85.43003249168396,-365004.0
85.76620745658875,-406880.0
86.10234928131104,-362504.0
86.4384913444519,-371567.0
86.77478194236755,-379692.0
87.1109528541565,-495006.0
87.44738149642944,-392817.0
87.78360080718994,-403442.0
88.12017488479614,-394692.0
88.45702171325684,-376879.0
88.79360365867615,-376879.0
89.13001775741577,-392192.0
89.466299533844,-393755.0
89.80245208740234,-490943.0
90.13862085342407,-395005.0
90.47479963302612,-380629.0
90.81121826171875,-400005.0
91.14750671386719,-393130.0
91.48407220840454,-404380.0
91.82073521614075,-379379.0
92.15752530097961,-393130.0
92.49411869049072,-384067.0
92.83031439781189,-375942.0
93.16657662391663,-379379.0
93.5027756690979,-380004.0
93.83919167518616,-378442.0
94.17551946640015,-390942.0
94.51198506355286,-477193.0
94.84878897666931,-400317.0
95.18555402755737,-389379.0
95.52204084396362,-385317.0
95.85857224464417,-394067.0
96.1946153640747,-376567.0
96.53093194961548,-376567.0
96.86708211898804,-377817.0
97.20327568054199,-510319.0
97.53937482833862,-393755.0
97.87573623657227,-378129.0
98.21206212043762,-527506.0
98.5488932132721,-382504.0
98.88562202453613,-384379.0
99.22208571434021,-390317.0
99.55809664726257,-586257.0
99.89437580108643,-384692.0
100.23036599159241,-365004.0
100.56665873527527,-373442.0
100.90282726287842,-388442.0
101.23913192749023,-381567.0
101.57540464401245,-395005.0
101.9117341041565,-368442.0
102.24833822250366,-366567.0
102.58506155014038,-359067.0
102.92165946960449,-366879.0
103.25803780555725,-375629.0
103.59402370452881,-374692.0
103.93034172058105,-378754.0
104.26638603210449,-381254.0
104.60254836082458,-381254.0
104.93853831291199,-384379.0
105.27483344078064,-490943.0
105.6108705997467,-492506.0
105.94725394248962,-396255.0
106.28339624404907,-394380.0
106.61989736557007,-399380.0
106.9561607837677,-379692.0
107.29284238815308,-389692.0
107.62940812110901,-418442.0
107.96589922904968,-387192.0
108.30202627182007,-423130.0
108.63824844360352,-360004.0
108.97452712059021,-375629.0
109.31070613861084,-369692.0
109.6468505859375,-385004.0
109.9831063747406,-470006.0
110.31935954093933,-354067.0
110.65557146072388,-382504.0
110.99195981025696,-372192.0
111.32825684547424,-391880.0
111.6650025844574,-378754.0
112.00157237052917,-379067.0
112.33796811103821,-379067.0
112.6741235256195,-466880.0
113.01038122177124,-363129.0
113.34643959999084,-400317.0
113.68270778656006,-501881.0
114.01873588562012,-380004.0
114.35475397109985,-375629.0
114.69075798988342,-357504.0
115.02674174308777,-381254.0
115.36281085014343,-405942.0
115.69880104064941,-409380.0
116.0347900390625,-395630.0
116.37097978591919,-383129.0
116.70718622207642,-375629.0
117.04351902008057,-392505.0
117.37983059883118,-455318.0
117.71617531776428,-373129.0
118.05262327194214,-407817.0
118.38939690589905,-382817.0
118.72590899467468,-390004.0
119.06215810775757,-405005.0
119.39819431304932,-397817.0
119.73422145843506,-378129.0
120.0702314376831,-378129.0
120.40636587142944,-391880.0
120.74240207672119,-402192.0
121.07844352722168,-398130.0
121.41439747810364,-385004.0
121.75051546096802,-372817.0
122.08648538589478,-361254.0
122.42273354530334,-353129.0
122.75886082649231,-380629.0
123.09511375427246,-383442.0
123.43145966529846,-460630.0
123.76790881156921,-371567.0
124.10448002815247,-387504.0
124.44126987457275,-348754.0
124.77785396575928,-356879.0
125.11400246620178,-397505.0
125.45009303092957,-471256.0
125.78637194633484,-365317.0
126.12267780303955,-384692.0
126.45897245407104,-377817.0
126.79508352279663,-363442.0
127.13138461112976,-368442.0
127.46752214431763,-376254.0
127.80399680137634,-472818.0
128.14040684700012,-472818.0
128.47715830802917,-376879.0
128.81368112564087,-366254.0
129.15007758140564,-388754.0
129.4861443042755,-380629.0
129.8222939968109,-384692.0
130.15845823287964,-379067.0
130.49467754364014,-472193.0
130.8309359550476,-365629.0
131.16724157333374,-369067.0
131.5035424232483,-363442.0
131.84007287025452,-385629.0
132.1768138408661,-391255.0
132.513409614563,-361254.0
132.84988451004028,-472506.0
133.18611431121826,-384379.0
133.52239227294922,-367192.0
133.8584394454956,-380942.0
134.19450330734253,-373754.0
134.53051161766052,-396880.0
