timestamp,current_uA
1780333863.0015495,-30312.0
1780333863.3381014,-200940.0
1780333863.6740766,36250.0
1780333864.0110245,92501.0
1780333864.3472848,67813.0
1780333864.683792,78126.0
1780333865.0198894,80313.0
1780333865.3565533,83438.0
1780333865.6929295,87188.0
1780333866.0291123,93438.0
1780333866.3654506,77188.0
1780333866.7017589,57813.0
1780333867.038241,77188.0
1780333867.3747816,70000.0
1780333867.7112317,82188.0
1780333868.0471547,87188.0
1780333868.3832564,89376.0
1780333868.7193716,71875.0
1780333869.0554757,78126.0
1780333869.3915768,74063.0
1780333869.7276678,77188.0
1780333870.0637589,75938.0
1780333870.399911,75938.0
1780333870.7359633,34062.0
1780333871.0720649,85313.0
1780333871.408147,78126.0
1780333871.744196,35312.0
1780333872.080262,85001.0
1780333872.4163675,73125.0
1780333872.752401,83126.0
1780333873.0884774,80001.0
1780333873.424589,95626.0
1780333873.7606223,75000.0
1780333874.0968633,37187.0
1780333874.4330075,75000.0
1780333874.7692266,79063.0
1780333875.1054199,67813.0
1780333875.4417021,82188.0
1780333875.7781813,69063.0
1780333876.1146774,78126.0
1780333876.4510727,19687.0
1780333876.7872052,84063.0
1780333877.123309,94376.0
1780333877.4593706,79063.0
1780333877.795442,64688.0
1780333878.131623,64688.0
1780333878.4677305,88438.0
1780333878.8038108,40313.0
1780333879.1399553,9687.0
1780333879.4760725,77188.0
1780333879.8121634,80001.0
1780333880.1483681,86251.0
1780333880.4844902,71875.0
1780333880.8205993,75000.0
1780333881.1566927,66875.0
1780333881.4929202,80313.0
1780333881.8291953,83126.0
1780333882.1654332,73125.0
1780333882.5016701,86251.0
1780333882.8381019,70000.0
1780333883.174607,72813.0
1780333883.5110059,78126.0
1780333883.84736,26875.0
1780333884.183453,73125.0
1780333884.51958,83126.0
1780333884.8557694,-15937.0
1780333885.1923423,79063.0
1780333885.5284731,73125.0
1780333885.8648417,78126.0
1780333886.2011719,78126.0
1780333886.5379071,94376.0
1780333886.8747737,63750.0
1780333887.2113955,71875.0
1780333887.5476613,83126.0
1780333887.8838608,76875.0
1780333888.220211,79063.0
1780333888.5565064,90313.0
1780333888.8928413,89376.0
1780333889.229237,83126.0
1780333889.5658796,77188.0
1780333889.9028018,79063.0
1780333890.239445,73125.0
1780333890.575724,72188.0
1780333890.9119234,-8750.0
1780333891.2482474,80001.0
1780333891.584574,77188.0
1780333891.9209857,21875.0
1780333892.25736,74063.0
1780333892.5939023,70938.0
1780333892.9307618,70938.0
1780333893.267385,84063.0
1780333893.6039445,82188.0
1780333893.9401264,82188.0
1780333894.2763898,91251.0
1780333894.612518,28125.0
1780333894.9488842,74063.0
1780333895.2852392,58750.0
1780333895.6218896,90313.0
1780333895.9587884,77188.0
1780333896.2953904,77188.0
1780333896.6316903,79063.0
1780333896.9678695,16875.0
1780333897.304183,65938.0
1780333897.640455,89376.0
1780333897.9766867,85313.0
1780333898.3130915,71875.0
1780333898.6495986,88438.0
1780333898.986272,-125314.0
1780333899.3230882,34062.0
1780333899.659612,66875.0
1780333899.995801,71875.0
1780333900.3320978,71875.0
1780333900.668399,81251.0
1780333901.0046117,75938.0
1780333901.3411264,77188.0
1780333901.6776526,43438.0
1780333902.0143938,43438.0
1780333902.351068,65938.0
1780333902.687558,67813.0
1780333903.0237494,82188.0
1780333903.3600895,58750.0
1780333903.6964347,78126.0
1780333904.0326521,75000.0
1780333904.3690603,29062.0
1780333904.7056055,77188.0
1780333905.0422683,65625.0
1780333905.379099,63750.0
1780333905.7155883,80001.0
1780333906.051775,68750.0
1780333906.3880575,45313.0
1780333906.724394,79063.0
1780333907.0605798,79063.0
1780333907.3970206,72813.0
1780333907.7335184,66875.0
1780333908.0699887,52500.0
1780333908.4067767,69063.0
1780333908.74344,67813.0
1780333909.0796955,75938.0
1780333909.4160302,78126.0
1780333909.7521818,78126.0
1780333910.0884066,28125.0
1780333910.4249072,69063.0
1780333910.761244,84063.0
1780333911.097723,72813.0
1780333911.4346166,70938.0
1780333911.7712889,80313.0
1780333912.1077943,73125.0
1780333912.4441316,31250.0
1780333912.7804399,60625.0
1780333913.116646,73125.0
1780333913.4531147,68750.0
1780333913.7896795,82188.0
1780333914.1264021,84063.0
1780333914.4630678,91563.0
1780333914.7996154,40313.0
1780333915.1357837,69063.0
1780333915.4721062,92501.0
1780333915.8084137,88438.0
1780333916.1446104,79063.0
1780333916.4830477,81251.0
1780333916.8197486,72813.0
1780333917.1559968,85313.0
1780333917.4922953,86251.0
1780333917.828561,86251.0
1780333918.1648443,83438.0
1780333918.501218,65000.0
1780333918.8376622,75000.0
1780333919.1744,76250.0
1780333919.5109992,95626.0
1780333919.8475478,21875.0
1780333920.1837506,74063.0
1780333920.520065,72813.0
1780333920.8563685,80001.0
1780333921.1925745,86251.0
1780333921.5290022,63750.0
1780333921.8652735,75000.0
1780333922.2019575,25937.0
1780333922.538795,73125.0
1780333922.8753839,70938.0
1780333923.211621,79063.0
1780333923.5479202,76875.0
1780333923.8843079,79063.0
1780333924.2204704,93438.0
1780333924.5569072,15625.0
1780333924.8931417,71875.0
1780333925.2296207,75000.0
1780333925.566395,89376.0
1780333925.9030757,89376.0
1780333926.2395978,87188.0
1780333926.575873,69063.0
1780333926.912147,20000.0
1780333927.2483175,63750.0
1780333927.5846002,78126.0
1780333927.9210725,75000.0
1780333928.2572808,67813.0
1780333928.5939064,70000.0
1780333928.930741,60625.0
1780333929.267338,77188.0
1780333929.6036785,80001.0
1780333929.9399798,72813.0
1780333930.2761824,25000.0
1780333930.6124842,77188.0
1780333930.948927,75938.0
1780333931.2852435,59688.0
1780333931.6217983,76250.0
1780333931.9587193,61875.0
1780333932.2953553,66875.0
1780333932.6315868,92501.0
1780333932.9678764,83126.0
1780333933.3040464,70938.0
1780333933.6403136,70938.0
1780333933.976632,75000.0
1780333934.3129396,67813.0
1780333934.649281,85313.0
1780333934.985893,70000.0
1780333935.3227262,14687.0
1780333935.6592934,68750.0
1780333935.9955468,73125.0
1780333936.3317142,66875.0
1780333936.6679788,71875.0
1780333937.0042334,71875.0
1780333937.3404562,79063.0
1780333937.6768534,22812.0
1780333938.013242,70000.0
1780333938.3497264,63750.0
1780333938.6864522,71875.0
1780333939.0233378,92501.0
1780333939.3595874,80001.0
1780333939.695926,65938.0
1780333940.0321863,25000.0
1780333940.3684382,73125.0
1780333940.7048676,72813.0
1780333941.0412376,60625.0
1780333941.3776715,60625.0
1780333941.7144864,60625.0
1780333942.0511456,85313.0
1780333942.387472,-29062.0
1780333942.7238097,33125.0
1780333943.0601292,75000.0
1780333943.3963244,63750.0
1780333943.732615,84376.0
1780333944.0690885,70000.0
1780333944.4053915,85313.0
1780333944.741962,71875.0
1780333945.0788426,84376.0
1780333945.4154704,69063.0
1780333945.7517767,63750.0
1780333946.0876682,78126.0
1780333946.4238334,109688.0
1780333946.7600174,75938.0
1780333947.0965726,79063.0
1780333947.4328732,82188.0
1780333947.7691557,81251.0
1780333948.1053386,70000.0
1780333948.4415355,70938.0
1780333948.777839,80001.0
1780333949.1142714,70000.0
1780333949.450834,70000.0
1780333949.787207,17812.0
1780333950.123327,78126.0
1780333950.4594145,48438.0
1780333950.7954822,20000.0
1780333951.131552,69063.0
1780333951.4676297,62813.0
1780333951.803729,75000.0
1780333952.1398327,87188.0
1780333952.475965,71875.0
1780333952.812065,69063.0
1780333953.1481874,25937.0
1780333953.4842978,71875.0
1780333953.8204052,70938.0
1780333954.15659,70000.0
1780333954.4926944,73125.0
1780333954.8290622,77188.0
1780333955.1650648,86251.0
1780333955.501302,32187.0
1780333955.8374488,87188.0
1780333956.1737242,66875.0
1780333956.5102258,70938.0
1780333956.8466156,65938.0
1780333957.1830432,65938.0
1780333957.519443,85313.0
1780333957.8555593,-16875.0
1780333958.1916742,8750.0
1780333958.527783,76250.0
1780333958.8639405,73125.0
1780333959.1999903,52500.0
1780333959.5361013,86251.0
1780333959.872192,80001.0
1780333960.2082589,67813.0
1780333960.5443497,64688.0
1780333960.8804126,66875.0
1780333961.21652,71875.0
1780333961.552622,77188.0
1780333961.888657,76250.0
1780333962.2249088,67813.0
1780333962.5611405,67813.0
1780333962.8972871,14687.0
1780333963.2333705,69063.0
1780333963.5697198,53750.0
1780333963.9061337,82188.0
1780333964.2425547,70000.0
1780333964.5789983,63750.0
1780333964.9152577,63750.0
1780333965.2513986,40313.0
1780333965.5874794,76250.0
1780333965.9235528,73125.0
1780333966.2596455,67813.0
1780333966.59575,74063.0
1780333966.931825,63750.0
1780333967.2679317,77188.0
1780333967.6040006,74063.0
1780333967.940035,75000.0
1780333968.2761428,70938.0
1780333968.612281,14687.0
1780333968.9483569,81251.0
1780333969.2845156,75938.0
1780333969.6206279,75000.0
1780333969.9568896,79063.0
1780333970.2928777,75000.0
1780333970.629192,70000.0
1780333970.9653645,12812.0
1780333971.3015082,64688.0
1780333971.6377673,74063.0
1780333971.974163,75000.0
1780333972.3105571,69063.0
1780333972.6469939,75938.0
1780333972.9832668,75938.0
1780333973.3193672,75000.0
1780333973.6554258,18750.0
1780333973.9914863,85313.0
1780333974.3275552,70938.0
1780333974.6636152,55625.0
1780333974.9996846,68750.0
1780333975.3357637,62500.0
1780333975.6718132,68750.0
1780333976.0078905,78126.0
1780333976.3439653,77188.0
1780333976.6798475,68750.0
1780333977.0163019,70938.0
1780333977.3532717,70938.0
1780333977.6897838,75000.0
1780333978.0267751,76250.0
1780333978.363394,16875.0
1780333978.6996741,71875.0
1780333979.0359774,83126.0
1780333979.3722813,70000.0
1780333979.708449,70000.0
1780333980.0448663,79063.0
1780333980.3812306,70000.0
1780333980.7176104,70000.0
1780333981.0544674,20937.0
1780333981.3911262,75000.0
1780333981.7276435,77188.0
1780333982.0639768,68750.0
1780333982.400334,66875.0
1780333982.737268,72813.0
